,train,val,test
rmse,0.478387609,0.97643065,1.308971643
r2,0.948464793,0.591452718,0.500689685
